name,mail,address,Phone number,Comments
Mr. Steven Buchanan PhD,kirbyjessica@gmail.com,"3141 Bennett Ranch
North Kennethfurt, NY 91473",(289)284-7222x7708,This is good!
Deborah Martin,kennedykaitlyn@gmail.com,"77547 Sophia Courts Apt. 167
West Davidton, MS 80911",434-857-0147x876,This is good!
Alexa Russo,heatherramos@gmail.com,"9648 Hayes Vista
Lake Angelaburgh, CT 40826",284.806.1179,This is good!
Gary Ramirez,clynch@gmail.com,"53485 Robin Ridges Apt. 273
Thompsonchester, NE 73852",902-947-9394,This is good!
Madeline Norris,xwright@gmail.com,"383 Walker Square
Munozfurt, TN 21201",(633)806-4851x9595,This is good!
James Payne,kylie39@gmail.com,"596 Powell Course Suite 755
Lake Derrick, CO 65672",6809409712,This is good!
Mike Andrews,luke35@yahoo.com,"6798 Frank Ways
Austinland, LA 31899",899-610-2557x4272,This is good!
Michelle Barnes,jay26@gmail.com,"092 Bennett Flat
Michaelfort, VI 06972",+1-242-474-2493x83282,This is good!
Robert Ray,lrandall@hotmail.com,"42657 King Manor Suite 365
New Jessicachester, IA 87768",4658414878,This is good!
John King,silvapaula@gmail.com,"62113 Williams Gardens
Lake Jessica, AZ 69625",+1-902-341-5334x6814,This is good!
